Categoria,Fundo,Fundo_norm,Data Inicio,Cota (R$),PL (milhoes R$),Perfil,Perfis
RENDA FIXA SIMPLES,CAIXA FIF E-SIMPLES RENDA FIXA LP RESP LTDA,CAIXA FIF E-SIMPLES RENDA FIXA LP RESP LTDA,15/10/2015,"2,22885700","411,076",PF,PF | PJ | TODOS
RENDA FIXA SIMPLES,CAIXA FIC FIF FÁCIL RF SIMPLES RESP LTDA (8),CAIXA FIC FIF FACIL RF SIMPLES RESP LTDA (8),24/02/2003,"5,41821800","6.607,298",PF,PF | PJ | TODOS
RENDA FIXA SIMPLES,CAIXA FIC FIF MOVIMENTAÇÕES AUTOMÁTICAS RF SIMPLES RESP LTDA (8),CAIXA FIC FIF MOVIMENTACOES AUTOMATICAS RF SIMPLES RESP LTDA (8),13/07/2012,"2,73576900","837,210",PF,PF | PJ
RENDA FIXA,CAIXA FIC FIF ABSOLUTO PRE RF LP RESP LTDA,CAIXA FIC FIF ABSOLUTO PRE RF LP RESP LTDA,03/11/1997,"19,76347200","126,901",PF,PF | PJ | TODOS
RENDA FIXA,CAIXA FIC FIF E-FUNDO RF LP RESP LTDA,CAIXA FIC FIF E-FUNDO RF LP RESP LTDA,05/10/2012,"3,29906800","61,414",PF,PF | PJ | TODOS
RENDA FIXA,CAIXA FIC FIF IDEAL RF LP RESP LTDA,CAIXA FIC FIF IDEAL RF LP RESP LTDA,28/10/1992,"9,54888300","584,438",PF,PF | PJ | TODOS
RENDA FIXA,CAIXA FIC FIF CAPITAL IND PREÇOS RF LP RESP LTDA,CAIXA FIC FIF CAPITAL IND PRECOS RF LP RESP LTDA,03/01/2000,"13,36926100","28,645",PF,PF | PJ | TODOS
RENDA FIXA,CAIXA FIC FIF RELACIONAMENTO PERSONAL RF LP RESP LTDA,CAIXA FIC FIF RELACIONAMENTO PERSONAL RF LP RESP LTDA,16/04/2012,"3,42680100","119,641",PF,PF | TODOS
RENDA FIXA,CAIXA FIC FIF GERAÇÃO JOVEM CRED PRIV RF LP RESP LTDA,CAIXA FIC FIF GERACAO JOVEM CRED PRIV RF LP RESP LTDA,26/04/2012,"3,27501200","11,303",PF,PF | PJ | TODOS
RENDA FIXA,CAIXA MASTER PLUS FIF RF CRED PRIV LP RESP LTDA,CAIXA MASTER PLUS FIF RF CRED PRIV LP RESP LTDA,21/01/2021,"1.801,16832300","96,261",PF,PF | PJ
RENDA FIXA,CAIXA FIC FIF EXCLUSIVO FUNC RF CREDITO PRIVADO LP RESP LTDA,CAIXA FIC FIF EXCLUSIVO FUNC RF CREDITO PRIVADO LP RESP LTDA,20/10/2014,"2,94319200","1.671,728",PF,PF
RENDA FIXA,CAIXA FIC FIF SOBERANO RF LP RESP LTDA,CAIXA FIC FIF SOBERANO RF LP RESP LTDA,11/03/1998,"19,90606900","64,922",PF,PF | PJ | TODOS
RENDA FIXA,CAIXA FIC FIF EMPREENDER RF LP RESP LTDA,CAIXA FIC FIF EMPREENDER RF LP RESP LTDA,26/05/1994,"45,41601100","40,460",PF,GOV | PF | PJ | TODOS
RENDA FIXA,CAIXA FIC FIF FOCO IND PREÇOS RF LP RESP LTDA,CAIXA FIC FIF FOCO IND PRECOS RF LP RESP LTDA,19/03/2012,"3,10923000","80,048",PF,PF | PJ | TODOS
RENDA FIXA,CAIXA FIC FIF CLÁSSICO RF LP RESP LTDA,CAIXA FIC FIF CLASSICO RF LP RESP LTDA,24/04/1996,"14,71155200","27,731",PF,PF | TODOS
RENDA FIXA,CAIXA FIC FIF DESENVOLVER RF LP RESP LTDA,CAIXA FIC FIF DESENVOLVER RF LP RESP LTDA,18/12/2012,"2,95261100","1,648",PF,PF | PJ | TODOS
RENDA FIXA,CAIXA FIC FIF OBJETIVO PRE RF LP RESP LTDA,CAIXA FIC FIF OBJETIVO PRE RF LP RESP LTDA,27/06/2012,"3,29263200","158,391",PF,PF | PJ
RENDA FIXA,CAIXA FIC FIF OAB RF CRÉD PRIV LP RESP LTDA,CAIXA FIC FIF OAB RF CRED PRIV LP RESP LTDA,23/09/2014,"2,98550400","1.753,131",PF,PF | PJ | TODOS
RENDA FIXA,CAIXA FIC FIF EXECUTIVO RF LP RESP LTDA,CAIXA FIC FIF EXECUTIVO RF LP RESP LTDA,02/09/1996,"32,24365100","2.173,673",PF,PF | PJ | TODOS
RENDA FIXA,CAIXA FIC RELACIONAMENTO IDEAL RF LP,CAIXA FIC RELACIONAMENTO IDEAL RF LP,16/04/2012,"3,25047300","13,518",PF,PF | TODOS
RENDA FIXA,CAIXA FIC FIF PERFORMANCE IMA-B RF LP RESP LTDA,CAIXA FIC FIF PERFORMANCE IMA-B RF LP RESP LTDA,02/05/2012,"3,33807900","66,725",PF,PF | PJ
RENDA FIXA,CAIXA FIC FIFINVESTIDOR RF LP RESP LTDA,CAIXA FIC FIFINVESTIDOR RF LP RESP LTDA,01/06/1999,"18,71046600","951,788",PF,PF | PJ | TODOS
RENDA FIXA,CAIXA EXPERT ARX IPCA DEB INCENTIVADAS FIC FIF RF CRED PRIV - RESP LTDA (2),CAIXA EXPERT ARX IPCA DEB INCENTIVADAS FIC FIF RF CRED PRIV - RESP LTDA (2),01/07/2025,"1,11557797","216,652",PF,PF
RENDA FIXA,CAIXA FIF INFLACAO PRIVATE 2027 RF LONGO PRAZO,CAIXA FIF INFLACAO PRIVATE 2027 RF LONGO PRAZO,15/08/2024,"1,18282700","39,579",PF,PF | PJ
RENDA FIXA,CAIXA FIF FIC EXPERT SULAMERICA RF CRED PRIV LP - RESP LTDA,CAIXA FIF FIC EXPERT SULAMERICA RF CRED PRIV LP - RESP LTDA,26/11/2024,"1,21686500","72,773",PF,PF | PJ | RPPS
RENDA FIXA,CAIXA EXPERT VOX DESENV SUSTENTAVEL IS RF CRED PRIV LP - RESP LTDA (2) (3),CAIXA EXPERT VOX DESENV SUSTENTAVEL IS RF CRED PRIV LP - RESP LTDA (2) (3),14/11/2025,-,-,PF,PF | PJ
RENDA FIXA,CAIXA FIC FIF PLUS QUALI RF CREDI PRIV LP RESP LTDA,CAIXA FIC FIF PLUS QUALI RF CREDI PRIV LP RESP LTDA,21/01/2021,"1.797,68631000","175,719",PF,PF | PJ
RENDA FIXA,CAIXA EXPERT ABSOLUTE CRETA FIC FIF RF CRED PRIV LP - RESP LTDA,CAIXA EXPERT ABSOLUTE CRETA FIC FIF RF CRED PRIV LP - RESP LTDA,26/03/2025,"1,14231100","85,937",PF,PF | PJ | RPPS
RENDA FIXA,CAIXA EXPERT RB ASSET CDI DEB INCENTIVADAS FIC FIF RF CRED PRIV RESP LTDA (2),CAIXA EXPERT RB ASSET CDI DEB INCENTIVADAS FIC FIF RF CRED PRIV RESP LTDA (2),15/10/2025,"1,05593532","376,713",PF,PF
RENDA FIXA,CAIXA EXPERT VINLAND DEB IN INFRA RF CRED PRIV LP RESP LTDA (2) (3),CAIXA EXPERT VINLAND DEB IN INFRA RF CRED PRIV LP RESP LTDA (2) (3),08/04/2026,-,-,PF,PF
RENDA FIXA,CAIXA FIC FIF EXPERTISE RF CRED PRIV LP RESP LTDA,CAIXA FIC FIF EXPERTISE RF CRED PRIV LP RESP LTDA,02/07/2009,"4,85747800","3.209,056",PF,PF | PJ | TODOS
RENDA FIXA,CAIXA FIF QUALIFICADO RF CRED PRIV LP - RESP LTDA,CAIXA FIF QUALIFICADO RF CRED PRIV LP - RESP LTDA,01/06/2009,"5,04691600","858,588",PF,PF | PJ
RENDA FIXA,CAIXA FIC FIF SELEÇÃO RF RESP LTDA,CAIXA FIC FIF SELECAO RF RESP LTDA,01/10/2003,"28,80023000","21,072",PF,PF | TODOS
RENDA FIXA,CAIXA FIC FIF PERSONAL RF LP RESP LTDA,CAIXA FIC FIF PERSONAL RF LP RESP LTDA,03/11/1997,"30,08643300","3.113,808",PF,GOV | PF | PJ | TODOS
RENDA FIXA,CAIXA FIC FIF RENDA FIXA ATIVA LP RESP LTDA,CAIXA FIC FIF RENDA FIXA ATIVA LP RESP LTDA,22/04/2020,"1.747,22854500","128,270",PF,PF | PJ
RENDA FIXA,CAIXA INDEXA TESOURO SELIC FIC FIF RF LP - RESP LTDA,CAIXA INDEXA TESOURO SELIC FIC FIF RF LP - RESP LTDA,26/12/2013,"3,16828600","480,822",PF,PF
RENDA FIXA,CAIXA FIC FIF SUPREMO RF LP RESP LTDA,CAIXA FIC FIF SUPREMO RF LP RESP LTDA,04/07/2006,"6,08420900","122,830",PF,PF | TODOS
RENDA FIXA,CAIXA FIC FIF UNIQUE RF CRED PRIV LP - RL,CAIXA FIC FIF UNIQUE RF CRED PRIV LP - RL,31/07/2024,"1,24645200","324,795",PF,PF
RENDA FIXA,CAIXA FIC FIF ESPECIAL RF LP RESP LTDA,CAIXA FIC FIF ESPECIAL RF LP RESP LTDA,25/08/2003,"10,41066400","2.377,615",PF,PF | PJ
RENDA FIXA,CAIXA FIF FIDELIDADE PRIVATE RF LP - RESP LTDA,CAIXA FIF FIDELIDADE PRIVATE RF LP - RESP LTDA,02/07/2008,"5,42172200","549,157",PF,PF
RENDA FIXA,CAIXA FIC FIF MAXI RENDA FIXA CRED PRIV LP - RESP LTDA,CAIXA FIC FIF MAXI RENDA FIXA CRED PRIV LP - RESP LTDA,04/03/2013,"3,50422800","15.378,546",PF,PF | PJ
RENDA FIXA,CAIXA FIF FIDELIDADE II RF CRÉD PRIV LP,CAIXA FIF FIDELIDADE II RF CRED PRIV LP,03/06/2009,"5,20683900","1.376,659",PF,PF | PJ
RENDA FIXA REFERENCIADO,CAIXA FIC FIF BETA RF REF DI LP RESP LTDA,CAIXA FIC FIF BETA RF REF DI LP RESP LTDA,02/10/1995,"29,87591300","167,207",PF,PF | TODOS
RENDA FIXA REFERENCIADO,CAIXA SIGMA FUNCIONARIOS FIC FIF RF REF DI LP - RESP LTDA (2) (3),CAIXA SIGMA FUNCIONARIOS FIC FIF RF REF DI LP - RESP LTDA (2) (3),08/04/2026,-,-,PF,PF
RENDA FIXA REFERENCIADO,CAIXA FIC FIF PLENO REF DI LP RESP LTDA,CAIXA FIC FIF PLENO REF DI LP RESP LTDA,14/06/2010,"3,54454600","2.170,378",PF,PF | PJ | TODOS
RENDA FIXA REFERENCIADO,CAIXA FIC FIF GIRO IMEDIATO RF REF DI LP RESP LTDA,CAIXA FIC FIF GIRO IMEDIATO RF REF DI LP RESP LTDA,03/06/2013,"2,76712300","5.911,809",PF,PF | TODOS
RENDA FIXA REFERENCIADO,CAIXA FIC OMEGA REF DI RF LONGO PRAZO,CAIXA FIC OMEGA REF DI RF LONGO PRAZO,13/05/2024,"1,26916600","62,291",PF,PF
RENDA FIXA REFERENCIADO,CAIXA FIC FIF PREFERENCIAL REF DI LP RESP LTDA,CAIXA FIC FIF PREFERENCIAL REF DI LP RESP LTDA,01/10/2003,"9,52154400","840,967",PF,PF | TODOS
RENDA FIXA REFERENCIADO,CAIXA FIC FIF SIGMA RF REF DI LP RESP LTDA,CAIXA FIC FIF SIGMA RF REF DI LP RESP LTDA,01/12/2009,"4,38337300","15.295,628",PF,GOV | PF | PJ | TODOS
RENDA FIXA REFERENCIADO,CAIXA FIC FIF RUBI RF REF DI LP RESP LTDA,CAIXA FIC FIF RUBI RF REF DI LP RESP LTDA,15/07/2009,"4,69203400","9.357,948",PF,GOV | PF | PJ | TODOS
RENDA FIXA REFERENCIADO,CAIXA FIC FIF MEGA RF REFERENC DI LONGO PRAZO - RESP LTDA,CAIXA FIC FIF MEGA RF REFERENC DI LONGO PRAZO - RESP LTDA,03/02/2009,"5,01380100","20.537,391",PF,PF | PJ
RENDA FIXA REFERENCIADO,CAIXA FIC FIF TOP PRIVATE RF REF DI LP RESP LTDA,CAIXA FIC FIF TOP PRIVATE RF REF DI LP RESP LTDA,05/05/2014,"3,13107600","12.548,091",PF,PF | RPPS
RENDA FIXA CURTO PRAZO,CAIXA FIC FIF RENDA FIXA CURTO PRAZO RESP LTDA (8),CAIXA FIC FIF RENDA FIXA CURTO PRAZO RESP LTDA (8),14/12/2020,"1.702,14881900","245,031",PF,PF | PJ
MULTIMERCADO,CAIXA FIC FIF FOF SMART CRED PRIV MM LP RESP LTDA,CAIXA FIC FIF FOF SMART CRED PRIV MM LP RESP LTDA,30/08/2023,"1,38484600","68,208",PF,PF | PJ
MULTIMERCADO,CAIXA FIC MULTIGESTOR GLOBAL EQUITIES IE,CAIXA FIC MULTIGESTOR GLOBAL EQUITIES IE,11/11/2020,"1.154,21482800","35,447",PF,PF | PJ | RPPS | TODOS
MULTIMERCADO,CAIXA FIF MULTIMERCADO RV 30 LP RESP LTDA,CAIXA FIF MULTIMERCADO RV 30 LP RESP LTDA,20/06/2000,"12,78939000","540,035",PF,PF | PJ | RPPS | TODOS
MULTIMERCADO,CAIXA FIC FIF ESTRATÉGIA LIVRE MULTIMERCADO LP RESP LTDA,CAIXA FIC FIF ESTRATEGIA LIVRE MULTIMERCADO LP RESP LTDA,21/10/2019,"1.637,59958900","119,516",PF,PF | PJ | TODOS
MULTIMERCADO,CAIXA FIF INDEXA SHORT DOLAR MM LP RESP LTDA,CAIXA FIF INDEXA SHORT DOLAR MM LP RESP LTDA,26/10/2020,"2.402,35124900","11,477",PF,GOV | PF | PJ | RPPS
MULTIMERCADO,CAIXA CARTEIRA QUANT DUO FIC FIF MM LP RESP LTDA (2) (3),CAIXA CARTEIRA QUANT DUO FIC FIF MM LP RESP LTDA (2) (3),07/04/2026,-,-,PF,PF | PJ
MULTIMERCADO,CAIXA FIC FIF FOF SMART LONG SHORT LP RESP LTDA,CAIXA FIC FIF FOF SMART LONG SHORT LP RESP LTDA,18/07/2023,"1,26259500","6,732",PF,PF | PJ
MULTIMERCADO,CAIXA FIC LONG BIAS MM,CAIXA FIC LONG BIAS MM,01/04/2024,"1,25405900","3,852",PF,PF | PJ
MULTIMERCADO,CAIXA CARTEIRA QUANT QUALI FIC FIF MM LP RESP LTDA (2) (3),CAIXA CARTEIRA QUANT QUALI FIC FIF MM LP RESP LTDA (2) (3),07/04/2026,-,-,PF,PF | PJ
MULTIMERCADO,CAIXA FIC FIF FOF SMART LONG BIAS MM RESP LTDA,CAIXA FIC FIF FOF SMART LONG BIAS MM RESP LTDA,18/07/2023,"1,49260300","12,977",PF,PF | PJ
MULTIMERCADO,CAIXA CARTEIRA QUANT UNO FIC FIF MM LP RESP LTDA (2) (3),CAIXA CARTEIRA QUANT UNO FIC FIF MM LP RESP LTDA (2) (3),07/04/2026,-,-,PF,PF | PJ
MULTIMERCADO,CAIXA FIF INDEXA EURO MM LONGO PRAZO RESP LTDA,CAIXA FIF INDEXA EURO MM LONGO PRAZO RESP LTDA,01/04/2024,"1,09859600","3,336",PF,GOV | PF | PJ | RPPS
MULTIMERCADO,CAIXA FIC FIF ESTRATÉGICO MULTIMERCADO LP RESP LTDA,CAIXA FIC FIF ESTRATEGICO MULTIMERCADO LP RESP LTDA,10/04/2006,"5,33551325","33,408",PF,PF | PJ | TODOS
MULTIMERCADO,CAIXA FIF INDEXA OURO MULTIMERCADO LP RESP LTDA,CAIXA FIF INDEXA OURO MULTIMERCADO LP RESP LTDA,15/02/2013,"4,87529300","701,859",PF,PF | RPPS | TODOS
MULTIMERCADO,CAIXA FIC FIF FOF SMART MULTIESTRATEGIA MM RESP LTDA,CAIXA FIC FIF FOF SMART MULTIESTRATEGIA MM RESP LTDA,09/06/2014,"2,87013800","80,041",PF,PF | PJ | TODOS
MULTIMERCADO,CAIXA FIC FIF HEDGE MULTIMERCADO LONGO PRAZO RESP LTDA,CAIXA FIC FIF HEDGE MULTIMERCADO LONGO PRAZO RESP LTDA,26/10/2020,"1.609,82829300","32,037",PF,GOV | PF | PJ | RPPS | TODOS
MULTIMERCADO,CAIXA FIF INDEXA BOLSA AMERICANA MM LP RESP LTDA,CAIXA FIF INDEXA BOLSA AMERICANA MM LP RESP LTDA,16/10/2018,"3,55976600","2.219,513",PF,GOV | PF | PJ | RPPS | TODOS
MULTIMERCADO,CAIXA FIC FIF JUROS E MOEDAS MM PLUS LP RESP LTDA,CAIXA FIC FIF JUROS E MOEDAS MM PLUS LP RESP LTDA,05/03/2018,"1,88264200","20,454",PF,PF | PJ | TODOS
MULTIMERCADO,CAIXA FIC FIF FUNCIONARIOS ESTRATEGIA LIVRE MULTIMERCADO LP RESP LTDA,CAIXA FIC FIF FUNCIONARIOS ESTRATEGIA LIVRE MULTIMERCADO LP RESP LTDA,06/07/2020,"1.657,13773200","15,667",PF,PF
MULTIMERCADO,CAIXA HASHDEX NASDAQ CRYPTO INDEX FIC FIF MM RESP LTDA (2),CAIXA HASHDEX NASDAQ CRYPTO INDEX FIC FIF MM RESP LTDA (2),07/10/2025,"0,56212604","3,843",PF,PF | PJ
MULTIMERCADO,CAIXA FIC FIF CAPITAL PROTEGIDO CESTA AGRO MM,CAIXA FIC FIF CAPITAL PROTEGIDO CESTA AGRO MM,04/07/2022,"1,40527700","72,133",PF,GOV | PF | PJ | RPPS
MULTIMERCADO,CAIXA CAPITAL PROTEGIDO CÍCLICO III FIC FIF MM LP - RESP LTDA,CAIXA CAPITAL PROTEGIDO CICLICO III FIC FIF MM LP - RESP LTDA,10/01/2022,"1,54886800","13,188",PF,PF | PJ | RPPS
MULTIMERCADO,CAIXA CAPITAL PROTEGIDO IBOVESPA CÍCLICO I FIC FIF MM,CAIXA CAPITAL PROTEGIDO IBOVESPA CICLICO I FIC FIF MM,08/11/2011,"3,21850500","153,360",PF,PF | TODOS
MULTIMERCADO,CAIXA FIC FIM CAPITAL PROTEGIDO CICLICO II LP - RL,CAIXA FIC FIM CAPITAL PROTEGIDO CICLICO II LP - RL,18/07/2022,"1,45937200","189,311",PF,GOV | PF | PJ | RPPS
MULTIMERCADO,CAIXA FIC FIF EXPERT PIMCO INCOME IE MM LP RESP LTDA,CAIXA FIC FIF EXPERT PIMCO INCOME IE MM LP RESP LTDA,21/08/2023,"1,41418000","279,581",PF,PF | PJ | RPPS
MULTIMERCADO,CAIXA EXPERT GIANT ZARATHUSTRA FIC MULTIMERCADO - RESP LTDA,CAIXA EXPERT GIANT ZARATHUSTRA FIC MULTIMERCADO - RESP LTDA,12/02/2021,"1,29071400","14,408",PF,PF | PJ | TODOS
MULTIMERCADO,CAIXA FIC FIF ALOCAÇÃO MACRO MM LONGO PRAZO RESP LTDA,CAIXA FIC FIF ALOCACAO MACRO MM LONGO PRAZO RESP LTDA,01/02/2007,"5,56688000","899,649",PF,PF | PJ | RPPS | TODOS
MULTIMERCADO,CAIXA FIC FIF JUROS E MOEDAS MM LP RESP LTDA,CAIXA FIC FIF JUROS E MOEDAS MM LP RESP LTDA,28/06/2012,"3,60615900","764,925",PF,PF | PJ | RPPS | TODOS
MULTIMERCADO,FIC FIF CAIXA EXPERT BTG PACTUAL X10 MM LP RESP LTDA,FIC FIF CAIXA EXPERT BTG PACTUAL X10 MM LP RESP LTDA,21/03/2013,"6,78042500","131,079",PF,PF | PJ | TODOS
MULTIMERCADO,CAIXA FIC FIF EXPERT SPX NIMITZ MULTIMERCADO RESP LTDA,CAIXA FIC FIF EXPERT SPX NIMITZ MULTIMERCADO RESP LTDA,04/05/2020,"1,75350300","176,602",PF,PF | PJ
CAMBIAL,CAIXA FIC FIF INDEXA DOLAR CAMBIAL RESP LTDA,CAIXA FIC FIF INDEXA DOLAR CAMBIAL RESP LTDA,27/06/2005,"3,70148500","96,075",PF,PF | PJ | TODOS
ACOES,CAIXA FIF AÇÕES DIVIDENDOS RESP LTDA,CAIXA FIF ACOES DIVIDENDOS RESP LTDA,03/10/2003,"7,31803600","377,437",PF,PF | PJ | TODOS
ACOES,CAIXA FIC FIF AÇÕES E-FUNDOS IBOVESPA RESP LTDA,CAIXA FIC FIF ACOES E-FUNDOS IBOVESPA RESP LTDA,05/10/2012,"2,84165600","14,659",PF,GOV | PF | PJ
ACOES,CAIXA ATENA FIC FIF AÇÕES FUNCIONÁRIOS LIVRE QUANT RESP LTDA,CAIXA ATENA FIC FIF ACOES FUNCIONARIOS LIVRE QUANT RESP LTDA,06/07/2020,"2.158,95397000","11,381",PF,PF
ACOES,CAIXA FIF AÇÕES BDR NÍVEL I RESP LTDA,CAIXA FIF ACOES BDR NIVEL I RESP LTDA,24/06/2013,"9,32370600","258,623",PF,PF | PJ | TODOS
ACOES,CAIXA FIF AÇÕES SMALL CAPS ATIVO RESP LTDA,CAIXA FIF ACOES SMALL CAPS ATIVO RESP LTDA,01/11/2012,"1,60417300","488,198",PF,PF | PJ | TODOS
ACOES,CAIXA FIF AÇÕES CONSUMO RESP LTDA,CAIXA FIF ACOES CONSUMO RESP LTDA,26/04/2012,"1,19043400","62,804",PF,PF | PJ | TODOS
ACOES,CAIXA FIF ACOES SUSTENTABILIDADE EMPRESARIAL ISE - IS RESP LTDA,CAIXA FIF ACOES SUSTENTABILIDADE EMPRESARIAL ISE - IS RESP LTDA,05/11/2007,"1,90895900","2,539",PF,PF | PJ | TODOS
ACOES,CAIXA FIF ACOES PETROBRAS PLUS RESP LTDA,CAIXA FIF ACOES PETROBRAS PLUS RESP LTDA,28/06/2019,"5,09397300","88,193",PF,PF | PJ | TODOS
ACOES,CAIXA FIC FIF AÇÕES IBOVESPA RESP LTDA,CAIXA FIC FIF ACOES IBOVESPA RESP LTDA,15/01/1997,"9,53350300","100,214",PF,PF | PJ | TODOS
ACOES,CAIXA FIC FIF AÇÕES MULTIGESTOR RESP LTDA,CAIXA FIC FIF ACOES MULTIGESTOR RESP LTDA,25/06/2019,"1,42460500","328,307",PF,PF | PJ | RPPS | TODOS
ACOES,CAIXA FIF AÇÕES CONSTRUÇÃO CIVIL RESP LTDA,CAIXA FIF ACOES CONSTRUCAO CIVIL RESP LTDA,22/06/2009,"2,11150100","135,398",PF,PF | PJ | TODOS
ACOES,CAIXA FIF AÇÕES INFRAESTRUTURA RESP LTDA,CAIXA FIF ACOES INFRAESTRUTURA RESP LTDA,19/04/2010,"3,27983800","146,854",PF,PF | PJ | TODOS
ACOES,CAIXA ATENA FIC FIF AÇÕES LIVRE QUANT RESP LTDA,CAIXA ATENA FIC FIF ACOES LIVRE QUANT RESP LTDA,31/07/2019,"2,10032000","55,031",PF,PF | PJ
ACOES,CAIXA FIF AÇÕES PETROBRAS PRÉ-SAL RESP LTDA,CAIXA FIF ACOES PETROBRAS PRE-SAL RESP LTDA,28/09/2010,"7,29171300","139,291",PF,PF | PJ | TODOS
ACOES,CAIXA FIF ACOES BANCO DO BRASIL PLUS RESP LTDA,CAIXA FIF ACOES BANCO DO BRASIL PLUS RESP LTDA,23/10/2019,"1.443,49070000","44,039",PF,PF | PJ | RPPS
ACOES,CAIXA FIF AÇÕES VALE DO RIO DOCE RESP LTDA,CAIXA FIF ACOES VALE DO RIO DOCE RESP LTDA,20/02/2002,"40,77304000","696,841",PF,PF | PJ | TODOS
ACOES,CAIXA FIF ACOES SEGURIDADE RESP LTDA,CAIXA FIF ACOES SEGURIDADE RESP LTDA,03/05/2021,"2,75510000","461,722",PF,GOV | PF | PJ
ACOES,CAIXA FIF AÇÕES IBRX ATIVO RESP LTDA,CAIXA FIF ACOES IBRX ATIVO RESP LTDA,12/09/2005,"5,29054600","24,821",PF,PF | PJ | TODOS
ACOES,CAIXA FIF ACOES INDEXA SETOR FINANCEIRO RESP LTDA,CAIXA FIF ACOES INDEXA SETOR FINANCEIRO RESP LTDA,26/01/2021,"1.673,61370000","33,390",PF,GOV | PF | PJ | RPPS | TODOS
ACOES,CAIXA FIC FIF ACOES DIVIDENDOS QUANTITATIVO RESP LTDA,CAIXA FIC FIF ACOES DIVIDENDOS QUANTITATIVO RESP LTDA,02/09/2021,"2,10949200","2,020",PF,PF | PJ
ACOES,CAIXA FIF ACOES INDEXA PIBB IBRX 50 RESP LTDA,CAIXA FIF ACOES INDEXA PIBB IBRX 50 RESP LTDA,12/09/2005,"6,45489900","47,871",PF,PF | PJ | TODOS
ACOES,CAIXA FIF ACOES IBOVESPA ATIVO RESP LTDA,CAIXA FIF ACOES IBOVESPA ATIVO RESP LTDA,01/02/2007,"2,41344400","38,602",PF,PF | PJ | TODOS
ACOES,CAIXA FIF AÇÕES PETROBRÁS RESP LTDA,CAIXA FIF ACOES PETROBRAS RESP LTDA,10/07/2000,"47,24087300","980,306",PF,PF | PJ | TODOS
ACOES,CAIXA FIF ACOES INDEXA IAGRO RESP LTDA,CAIXA FIF ACOES INDEXA IAGRO RESP LTDA,14/06/2022,"0,95225600","3,362",PF,PF | PJ | RPPS
ACOES,CAIXA FIC FIF ACOES COMPROMISSO BDR NIVEL I RESP LTDA,CAIXA FIC FIF ACOES COMPROMISSO BDR NIVEL I RESP LTDA,05/11/2021,"1,20433700","3,977",PF,PF | PJ | RPPS
ACOES,CAIXA SEGURIDADE II FIF ACOES - RESP LTDA,CAIXA SEGURIDADE II FIF ACOES - RESP LTDA,24/03/2025,"1,36124700","20,860",PF,PF | PJ
ACOES,CAIXA FIF ACOES ELETROBRAS RESP LTDA,CAIXA FIF ACOES ELETROBRAS RESP LTDA,30/05/2022,"2,14025200","309,528",PF,PF | PJ | RPPS
ACOES,CAIXA FIC ACOES EXPERT VERDE AM LONG BIAS - RESP LTDA,CAIXA FIC ACOES EXPERT VERDE AM LONG BIAS - RESP LTDA,05/10/2020,"1.106,11574300","8,934",PF,PF | PJ | TODOS
ACOES,CAIXA EXPERT CLARITAS VALOR FIC FIF AÇÕES - RESP LTDA,CAIXA EXPERT CLARITAS VALOR FIC FIF ACOES - RESP LTDA,19/10/2020,"1.676,93223700","24,524",PF,GOV | PF | PJ | RPPS | TODOS
FUNDO DE INDICE,CAIXA ETF IBOVESPA FUNDO DE ÍNDICE RESP LTDA,CAIXA ETF IBOVESPA FUNDO DE INDICE RESP LTDA,12/11/2012,"186,43338514","46,610",PF,PF | TODOS
FUNDOS MUTUOS DE PRIVATIZACAO,CAIXA FMP-FGTS ELETROBRAS MIGRACAO,CAIXA FMP-FGTS ELETROBRAS MIGRACAO,09/06/2022,"2,18791900","5,935",PF,PF
FUNDOS MUTUOS DE PRIVATIZACAO,CAIXA FMP-FGTS ELETROBRAS RESP LTDA,CAIXA FMP-FGTS ELETROBRAS RESP LTDA,14/06/2022,"2,13551300","1.968,585",PF,PF
FUNDOS MUTUOS DE PRIVATIZACAO,CAIXA FMP-FGTS PETROBRÁS IV RESP LTDA,CAIXA FMP-FGTS PETROBRAS IV RESP LTDA,17/08/2000,"52,52645500","777,285",PF,PF
FUNDOS MUTUOS DE PRIVATIZACAO,CAIXA FMP-FGTS VALE RIO DOCE II RESP LTDA,CAIXA FMP-FGTS VALE RIO DOCE II RESP LTDA,27/03/2002,"45,14929400","828,704",PF,PF
FUNDOS MUTUOS DE PRIVATIZACAO,CAIXA FMP-FGTS CL ABSOLUTO RESP LTDA,CAIXA FMP-FGTS CL ABSOLUTO RESP LTDA,24/08/2001,"18,37708300","128,736",PF,PF
FUNDOS MUTUOS DE PRIVATIZACAO,CAIXA FMP-FGTS VALE RIO DOCE MIGRAÇÃO RESP LTDA,CAIXA FMP-FGTS VALE RIO DOCE MIGRACAO RESP LTDA,26/02/2002,"37,86937300","12,366",PF,PF
FUNDOS MUTUOS DE PRIVATIZACAO,CAIXA FMP-FGTS PETROBRÁS II RESP LTDA,CAIXA FMP-FGTS PETROBRAS II RESP LTDA,17/08/2000,"46,42627700","672,728",PF,PF
FUNDOS MUTUOS DE PRIVATIZACAO,CAIXA FMP-FGTS VALE RIO DOCE I RESP LTDA,CAIXA FMP-FGTS VALE RIO DOCE I RESP LTDA,27/03/2002,"38,89051500","494,985",PF,PF
FUNDOS MUTUOS DE PRIVATIZACAO,CAIXA FMP-FGTS PETROBRÁS III RESP LTDA,CAIXA FMP-FGTS PETROBRAS III RESP LTDA,17/08/2000,"49,35215900","781,400",PF,PF
RENDA FIXA SIMPLES,CAIXA AZULZINHA FIC FIF RF SIMPLES - RESP LTDA (2) (8),CAIXA AZULZINHA FIC FIF RF SIMPLES - RESP LTDA (2) (8),13/06/2025,"1,10970000","41,760",PJ,PJ
RENDA FIXA SIMPLES,CAIXA FIC FIF AMETISTA CORP RF SIMPLES RESP LTDA (8),CAIXA FIC FIF AMETISTA CORP RF SIMPLES RESP LTDA (8),12/07/2023,"1,33915400","163,954",PJ,PJ
RENDA FIXA,CAIXA FIC FIF TITULO PUBLICO MPE RF LP RESP LTDA,CAIXA FIC FIF TITULO PUBLICO MPE RF LP RESP LTDA,05/10/2012,"3,17189000","15,069",PJ,PJ | TODOS
RENDA FIXA,CAIXA FIF SAUDE SUPLEMENTAR ANS RF LP - RESP LTDA,CAIXA FIF SAUDE SUPLEMENTAR ANS RF LP - RESP LTDA,15/07/2008,"5,04761600","782,474",PJ,PJ | TODOS
RENDA FIXA,CAIXA FIC FIF EQUILIBRIO MPE RF LP RESP LTDA,CAIXA FIC FIF EQUILIBRIO MPE RF LP RESP LTDA,05/07/2006,"5,79858300","41,635",PJ,PJ | TODOS
RENDA FIXA,CAIXA FIC FIF PATRIMONIO IND.DE PRECOS RF LP RESP LTDA,CAIXA FIC FIF PATRIMONIO IND.DE PRECOS RF LP RESP LTDA,03/01/2000,"23,48636600","93,983",PJ,PJ | TODOS
RENDA FIXA,CAIXA GIRO EMPRESAS FIC FIF RF REF DI LP RESP LTDA,CAIXA GIRO EMPRESAS FIC FIF RF REF DI LP RESP LTDA,27/03/2013,"3,22557500","7.665,978",PJ,PJ
RENDA FIXA,CAIXA FIF SAFIRA CORPORATIVO RF LP - RESP LTDA,CAIXA FIF SAFIRA CORPORATIVO RF LP - RESP LTDA,11/05/2009,"4,80684200","3.148,070",PJ,PJ
RENDA FIXA,CAIXA FIF DIAMANTE CORP RF CRED PRIV LP - RESP LTDA,CAIXA FIF DIAMANTE CORP RF CRED PRIV LP - RESP LTDA,06/11/2019,"1.855,22020300","14.710,329",PJ,PJ | TODOS
RENDA FIXA,CAIXA FIC INST SOBERANO PLUS RF (8),CAIXA FIC INST SOBERANO PLUS RF (8),21/10/2022,"1,52613658","322,621",PJ,PJ
RENDA FIXA,CAIXA FIF SAUDE SUPLEMENTAR ANS II RF LP - RESP LTDA,CAIXA FIF SAUDE SUPLEMENTAR ANS II RF LP - RESP LTDA,04/12/2008,"5,04795800","284,373",PJ,PJ | TODOS
RENDA FIXA,CAIXA FIF SEBRAE RF LP RESP LTDA,CAIXA FIF SEBRAE RF LP RESP LTDA,22/12/2000,"17,65062800","4.728,560",PJ,PJ | TODOS
RENDA FIXA,CAIXA FIF CNI RF LP - RESP LTDA,CAIXA FIF CNI RF LP - RESP LTDA,26/01/2005,"8,58181200","3.955,525",PJ,PJ | TODOS
RENDA FIXA REFERENCIADO,CAIXA FIC FIF GIRO MPE REF DI LP RESP LTDA,CAIXA FIC FIF GIRO MPE REF DI LP RESP LTDA,09/09/2013,"2,78706700","13.327,023",PJ,PJ
RENDA FIXA REFERENCIADO,CAIXA FIF TOPAZIO CORP RF REFERENC DI - RESP LTDA,CAIXA FIF TOPAZIO CORP RF REFERENC DI - RESP LTDA,22/06/2010,"4,36232300","11.878,701",PJ,GOV | PJ | RPPS
RENDA FIXA REFERENCIADO,CAIXA FIC ESMERALDA CORP RF REF DI CRED PRIV LP - RESP LTDA,CAIXA FIC ESMERALDA CORP RF REF DI CRED PRIV LP - RESP LTDA,03/11/2023,"1,35329800","4.091,140",PJ,PJ
RENDA FIXA CURTO PRAZO,CAIXA FIC FIF TURQUESA CORPORATIVO RF CP RESP LTDA (8),CAIXA FIC FIF TURQUESA CORPORATIVO RF CP RESP LTDA (8),01/10/2020,"1.746,28702400","1.525,383",PJ,PJ | TODOS
RENDA FIXA CURTO PRAZO,CAIXA FIC FIF AUTOMATICO POLIS RF CURTO PRAZO RESP LTDA (8),CAIXA FIC FIF AUTOMATICO POLIS RF CURTO PRAZO RESP LTDA (8),13/06/2023,"1,29217700","33.364,136",GOV,GOV
RENDA FIXA CURTO PRAZO,CAIXA FIC FIF PRÁTICO RF CURTO PRAZO RESP LTDA (8),CAIXA FIC FIF PRATICO RF CURTO PRAZO RESP LTDA (8),02/10/1995,"9,28163900","2.995,857",GOV,GOV | TODOS
RENDA FIXA CURTO PRAZO,CAIXA FIC FIF TRANSFERÊNCIA VOLUNTÁRIA RF CP RESP LTDA (8),CAIXA FIC FIF TRANSFERENCIA VOLUNTARIA RF CP RESP LTDA (8),16/10/2012,"2,44457000","11.851,986",GOV,GOV | TODOS
RENDA FIXA,CAIXA FIF BRASIL MATRIZ RF RESP LTDA,CAIXA FIF BRASIL MATRIZ RF RESP LTDA,17/12/2015,"2,56642700","9.718,417",RPPS,RPPS
RENDA FIXA,CAIXA FIC FIF BRASIL GESTÃO ESTRATÉGICA RF RESP LTDA,CAIXA FIC FIF BRASIL GESTAO ESTRATEGICA RF RESP LTDA,04/11/2016,"2,38382500","3.780,409",RPPS,RPPS | TODOS
RENDA FIXA,CAIXA BRASIL INFLAÇÃO ATIVA FIF RF CRED PRIV RESP LTDA,CAIXA BRASIL INFLACAO ATIVA FIF RF CRED PRIV RESP LTDA,17/04/2015,"2,95295200","44,679",RPPS,RPPS | TODOS
RENDA FIXA,CAIXA FIC FIF BRASIL RENDA FIXA ATIVA LP RESP LTDA,CAIXA FIC FIF BRASIL RENDA FIXA ATIVA LP RESP LTDA,15/04/2020,"1.623,39693700","458,857",RPPS,RPPS
RENDA FIXA,CAIXA FI BRASIL IRF-M 1 TP RF,CAIXA FI BRASIL IRF-M 1 TP RF,28/05/2010,"4,41231400","11.069,997",RPPS,RPPS | TODOS
RENDA FIXA,CAIXA FIF BRASIL IDKA IPCA 2A TIT PUB RF LP RESP LTDA,CAIXA FIF BRASIL IDKA IPCA 2A TIT PUB RF LP RESP LTDA,16/08/2012,"3,77548100","2.930,178",RPPS,RPPS | TODOS
RENDA FIXA,CAIXA FIF BRASIL IRF-M TP RF LP - RESP LTDA,CAIXA FIF BRASIL IRF-M TP RF LP - RESP LTDA,16/08/2012,"3,61120100","1.697,698",RPPS,RPPS | TODOS
RENDA FIXA,CAIXA FI BRASIL IMA-B TP RF LP,CAIXA FI BRASIL IMA-B TP RF LP,08/03/2010,"5,15062400","2.526,519",RPPS,RPPS | TODOS
RENDA FIXA,CAIXA FIF BRASIL IMA-B 5 TP RF LP - RESP LTDA,CAIXA FIF BRASIL IMA-B 5 TP RF LP - RESP LTDA,09/07/2010,"5,12346500","5.244,629",RPPS,RPPS | TODOS
RENDA FIXA,CAIXA FIF BRASIL IMA GERAL TP RF LP - RESP LTDA,CAIXA FIF BRASIL IMA GERAL TP RF LP - RESP LTDA,08/07/2010,"4,70385100","528,754",RPPS,RPPS | TODOS
RENDA FIXA,CAIXA FIF RS TITULOS PUBLICOS RF LP - RESP LTDA,CAIXA FIF RS TITULOS PUBLICOS RF LP - RESP LTDA,18/07/2005,"7,83094800","160,147",RPPS,RPPS | TODOS
RENDA FIXA,CAIXA FIF BRASIL IMA-B 5+ TP RF LP - RESP LTDA,CAIXA FIF BRASIL IMA-B 5+ TP RF LP - RESP LTDA,18/04/2012,"3,48913200","939,124",RPPS,RPPS | TODOS
RENDA FIXA,CAIXA FI BRASIL IRF-M 1+ TP RF LP,CAIXA FI BRASIL IRF-M 1+ TP RF LP,11/05/2012,"3,75547100","697,912",RPPS,RPPS | TODOS
RENDA FIXA,CAIXA FIF BRASIL TITULOS PUBLICOS RF LP - RESP LTDA,CAIXA FIF BRASIL TITULOS PUBLICOS RF LP - RESP LTDA,10/02/2006,"7,06713500","13.235,862",RPPS,RPPS | TODOS
RENDA FIXA,CAIXA FIF ALIANÇA TP RF CURTO PRAZO - RESP LTDA,CAIXA FIF ALIANCA TP RF CURTO PRAZO - RESP LTDA,01/11/2005,"7,38102100","3.697,565",RPPS,RPPS | TODOS
RENDA FIXA,CAIXA FIC FIF BRASIL IDKA PRE 2A RF LP RESP LTDA,CAIXA FIC FIF BRASIL IDKA PRE 2A RF LP RESP LTDA,21/09/2022,"1,43500300","167,697",RPPS,RPPS
RENDA FIXA,CAIXA FIC FIF BRASIL DISPONIBILIDADES SIMPLES RF RESP LTDA,CAIXA FIC FIF BRASIL DISPONIBILIDADES SIMPLES RF RESP LTDA,30/08/2012,"3,09529200","1.655,547",RPPS,RPPS | TODOS
RENDA FIXA REFERENCIADO,CAIXA FIC FIF BRASIL RF REFER DI LONGO PRAZO RESP LTDA,CAIXA FIC FIF BRASIL RF REFER DI LONGO PRAZO RESP LTDA,05/07/2006,"6,61428100","24.592,149",RPPS,RPPS | TODOS
RENDA FIXA REFERENCIADO,CAIXA FIC FIF NOVO BRASIL RF IMA-B LP RESP LTDA,CAIXA FIC FIF NOVO BRASIL RF IMA-B LP RESP LTDA,27/10/2009,"5,51564800","599,880",RPPS,RPPS | TODOS
MULTIMERCADO,CAIXA FIC FIF BRASIL ESTRATÉGIA LIVRE MM LP RESP LTDA (1),CAIXA FIC FIF BRASIL ESTRATEGIA LIVRE MM LP RESP LTDA (1),21/10/2019,-,-,RPPS,RPPS
ACOES,CAIXA FIF AÇOES BRASIL IBOVESPA RESP LTDA,CAIXA FIF ACOES BRASIL IBOVESPA RESP LTDA,29/07/2011,"4,28497600","325,433",RPPS,RPPS | TODOS
ACOES,CAIXA FIF AÇÕES BRASIL ETF IBOVESPA RESP LTDA,CAIXA FIF ACOES BRASIL ETF IBOVESPA RESP LTDA,27/11/2012,"3,93572300","11,315",RPPS,RPPS | TODOS
ACOES,CAIXA FIF AÇÕES INSTITUCIONAL BDR NIVEL I RESP LTDA,CAIXA FIF ACOES INSTITUCIONAL BDR NIVEL I RESP LTDA,24/06/2013,"10,44221395","2.169,011",RPPS,RPPS | TODOS
ACOES,CAIXA FIF ACOES BRASIL IBX-50 RESP LTDA,CAIXA FIF ACOES BRASIL IBX-50 RESP LTDA,18/02/2008,"2,20397800","217,562",RPPS,RPPS | TODOS
ACOES,CAIXA ATENA FIC FIF AÇÕES BRASIL LIVRE QUANT RESP LTDA,CAIXA ATENA FIC FIF ACOES BRASIL LIVRE QUANT RESP LTDA,31/07/2019,"2,24769100","864,065",RPPS,RPPS
ACOES,CAIXA FIC ACOES EXPERT VINCI VALOR DIVIDENDOS RPPS RESP LTDA,CAIXA FIC ACOES EXPERT VINCI VALOR DIVIDENDOS RPPS RESP LTDA,23/08/2012,"3,76488034","1.444,120",RPPS,RPPS | TODOS
ACOES,CAIXA FIC ACOES EXPERT VINCI VALOR RPPS RESP LTDA,CAIXA FIC ACOES EXPERT VINCI VALOR RPPS RESP LTDA,12/12/2011,"2,78330161","861,489",RPPS,RPPS | TODOS
RENDA FIXA,CAIXA FIF EXTRAMERCADO COMUM IRFM-1 RF RESP LTDA,CAIXA FIF EXTRAMERCADO COMUM IRFM-1 RF RESP LTDA,13/02/2012,"3,69182700","5.265,678",TODOS,TODOS
